Source,nH,,overig,,,
2S_0918-549,0.299091,xrt ,Swift_J1910.2-0546,,xrt ,vergeten op te slaan
4U_1323-619,5.58908,xrt ,,,,
4U_1626-67,0.177044,xrt ,,,,
4U_1702-429,2.05908,xrt ,,,,
4U_1708-40,4.68359,xrt ,,,,
4U_1735-44,0.48614,xrt ,,,,
4U_1915-05,0.569368,xrt ,,,,
GS_1826-24,0.833507,xrt ,,,,
GX_9+9,0.403403,xrt ,,,,
IGR_J1706.2-6143,0.190408,xrt ,,,,
MAXI_J1305-704,0.243349,xrt ,,,,
SAX_J1806.5-2215,9.97256,thesis Bilal,,,,
Ser_X-1,1.0121,xrt ,,,,
XTE_J1710-281,0.24424,xrt ,,,,